{
  "recruitment": {
    "auc": 0.5835241301907969,
    "f1": 0.6835443037974683,
    "accuracy": 0.5833333333333334,
    "confusion_matrix": [
      [
        40,
        95
      ],
      [
        30,
        135
      ]
    ]
  },
  "outcome": {
    "auc": 0.5901683501683501,
    "f1": 0.6194690265486725,
    "accuracy": 0.57,
    "confusion_matrix": [
      [
        66,
        69
      ],
      [
        60,
        105
      ]
    ]
  },
  "fairness": {
    "dp_recruit": 0.22352941176470587,
    "eo_recruit": 0.34444444444444444,
    "dp_outcome": 0.061764705882352944,
    "eo_outcome": 0.12222222222222223
  }
}