{
  "recruitment": {
    "auc": 0.9789518946519753,
    "f1": 0.932475884244373,
    "accuracy": 0.9311475409836065,
    "fairness": {
      "\u0394P": 0.6666666666666667,
      "\u0394TPR": 0.33333333333333337
    }
  },
  "outcome": {
    "auc": 0.7912268907563026,
    "f1": 0.948339483394834,
    "accuracy": 0.9081967213114754,
    "fairness": {
      "\u0394P": 0.16666666666666663,
      "\u0394TPR": 0.16666666666666663
    }
  }
}