{
  "recruitment": {
    "auc": 0.9999321746962783,
    "f1": 0.9982905982905983,
    "accuracy": 0.9983539094650206,
    "fairness": {
      "\u0394P": 0.6277777777777778,
      "\u0394TPR": 0.004405286343612369
    }
  },
  "outcome": {
    "auc": 0.8320259110799729,
    "f1": 0.9500229252636405,
    "accuracy": 0.9102880658436214,
    "fairness": {
      "\u0394P": 0.033333333333333326,
      "\u0394TPR": 0.0031250000000000444
    }
  }
}