{
  "recruitment": {
    "auc": 0.9846339092395386,
    "f1": 0.9389671361502347,
    "accuracy": 0.9388954171562868,
    "fairness": {
      "\u0394P": 0.125,
      "\u0394TPR": 0.0
    }
  },
  "outcome": {
    "auc": 0.7179248748679801,
    "f1": 0.942649967040211,
    "accuracy": 0.8977673325499412,
    "fairness": {
      "\u0394P": 0.0,
      "\u0394TPR": 0.0
    }
  }
}