{
  "recruitment": {
    "auc": 0.8213159968479117,
    "f1": 0.9038461538461539,
    "accuracy": 0.8305084745762712,
    "fairness": {
      "\u0394P": 0.038461538461538436,
      "\u0394TPR": 0.0
    }
  },
  "outcome": {
    "auc": 0.7597368421052632,
    "f1": 0.9411764705882353,
    "accuracy": 0.8926553672316384,
    "fairness": {
      "\u0394P": 0.038461538461538436,
      "\u0394TPR": 0.0
    }
  }
}