{
  "recruitment": {
    "auc": 0.8820459804066362,
    "f1": 0.8992628992628993,
    "accuracy": 0.8280922431865828,
    "fairness": {
      "\u0394P": 0.046875,
      "\u0394TPR": 0.0
    }
  },
  "outcome": {
    "auc": 0.8584752635847527,
    "f1": 0.9567251461988304,
    "accuracy": 0.9224318658280922,
    "fairness": {
      "\u0394P": 0.27864583333333337,
      "\u0394TPR": 0.009009009009009028
    }
  }
}