{
  "recruitment": {
    "auc": 0.9601910031513212,
    "f1": 0.9032586558044806,
    "accuracy": 0.8389830508474576,
    "fairness": {
      "\u0394P": 1.0,
      "\u0394TPR": 0.0
    }
  },
  "outcome": {
    "auc": 0.8587583982148489,
    "f1": 0.9561068702290076,
    "accuracy": 0.9220338983050848,
    "fairness": {
      "\u0394P": 0.16666666666666663,
      "\u0394TPR": 0.0
    }
  }
}